INSERT INTO Doctor (Office_number, Full_name, Phone, Speciality) 
VALUES 
(101, N'Иванов Алексей Борисович', N'+79111111111', N'Терапевт'),
(102, N'Петрова Виктория Геннадьевна', N'+79112222222', N'Хирург'),
(103, N'Сидорова Мария Ивановна', N'+79113333333', N'Терапевт'),
(104, N'Козлов Дмитрий Сергеевич', N'+79114444444', N'Кардиолог'),
(105, N'Николаева Ольга Петровна', N'+79115555555', N'Терапевт'),
(106, N'Федоров Игорь Васильевич', N'+79116666666', N'Невролог'),
(107, N'Абрамова Елена Михайловна', N'+79117777777', N'Терапевт'),
(108, N'Григорьев Павел Анатольевич', N'+79118888888', N'Офтальмолог'),
(109, N'Семенова Татьяна Владимировна', N'+79119999999', N'Терапевт'),
(110, N'Белов Андрей Николаевич', N'+79110000000', N'Отоларинголог');

INSERT INTO District (Number, Doctor_Id)
VALUES 
(1, 1),
(2, 3),
(3, 5),
(4, 7),
(5, 9);

INSERT INTO Patient (Phone, Full_name, District_Id)
VALUES 
(N'+79211111111', N'Смирнов Константин Дмитриевич', 1),
(N'+79212222222', N'Козлова Елена Жоржевна', 2),
(N'+79213333333', N'Попов Сергей Иванович', 3),
(N'+79214444444', N'Волкова Анна Петровна', 4),
(N'+79215555555', N'Новиков Алексей Викторович', 5),
(N'+79216666666', N'Морозова Ирина Сергеевна', 1),
(N'+79217777777', N'Лебедев Михаил Александрович', 2),
(N'+79218888888', N'Соколова Надежда Васильевна', 3),
(N'+79219999999', N'Киселев Артем Олегович', 4),
(N'+79210000000', N'Орлова Марина Денисовна', 5);

INSERT INTO Schedule (Day_of_the_week, Start_time, Duration, Doctor_Id)
VALUES 
(N'Понедельник', '09:00', 30, 1),
(N'Понедельник', '14:00', 20, 2),
(N'Вторник', '10:00', 30, 3),
(N'Вторник', '15:00', 25, 4),
(N'Среда', '08:30', 30, 5),
(N'Среда', '13:00', 20, 6),
(N'Четверг', '11:00', 30, 7),
(N'Четверг', '16:00', 25, 8),
(N'Пятница', '09:30', 30, 9),
(N'Пятница', '14:30', 20, 10);

INSERT INTO Reception (Reception_time, Diagnosis, Patient_ID, Doctor_Id)
VALUES 
('20240115 09:00:00', N'ОРВИ', 1, 1),
('20240115 14:00:00', N'Аппендицит', 2, 2),
('20240116 10:00:00', N'Гипертония', 3, 3),
('20240116 15:00:00', N'Аритмия', 4, 4),
('20240117 08:30:00', N'Бронхит', 5, 5),
('20240117 13:00:00', N'Мигрень', 6, 6),
('20240118 11:00:00', N'Гастрит', 7, 7),
('20240118 16:00:00', N'Катаракта', 8, 8),
('20240119 09:30:00', N'Ангина', 9, 9),
('20240119 14:30:00', N'Отит', 10, 10);

UPDATE Reception SET stattalon_id = id WHERE id BETWEEN 1 AND 10;

INSERT INTO Stattalon (Purpose, Schedule_Id, Doctor_Id, Patient_ID)
VALUES 
(N'Первичный осмотр', 1, 1, 1),
(N'Консультация по операции', 2, 2, 2),
(N'Плановый осмотр', 3, 3, 3),
(N'Кардиограмма', 4, 4, 4),
(N'Лечение кашля', 5, 5, 5),
(N'Головные боли', 6, 6, 6),
(N'Боли в желудке', 7, 7, 7),
(N'Проверка зрения', 8, 8, 8),
(N'Боль в горле', 9, 9, 9),

(N'Заложенность уха', 10, 10, 10);

ALTER TABLE Patient ADD Age INT;

UPDATE Patient SET Age = 25 WHERE Phone = N'+79211111111';
UPDATE Patient SET Age = 30 WHERE Phone = N'+79212222222';
UPDATE Patient SET Age = 42 WHERE Phone = N'+79213333333';
UPDATE Patient SET Age = 60 WHERE Phone = N'+79214444444';
UPDATE Patient SET Age = 16 WHERE Phone = N'+79215555555';
UPDATE Patient SET Age = 35 WHERE Phone = N'+79216666666';
UPDATE Patient SET Age = 50 WHERE Phone = N'+79217777777';
UPDATE Patient SET Age = 28 WHERE Phone = N'+79218888888';
UPDATE Patient SET Age = 70 WHERE Phone = N'+79219999999';
UPDATE Patient SET Age = 40 WHERE Phone = N'+79210000000';

INSERT INTO Street (name, district_id) VALUES
(N'Ленина', 1),
(N'Пушкина', 1),
(N'Советская', 2),
(N'Мира', 2),
(N'Гагарина', 3),
(N'Кирова', 3),
(N'Садовая', 4),
(N'Центральная', 4),
(N'Молодёжная', 5),
(N'Школьная', 5);

INSERT INTO House (street_id, number) VALUES
(1, '10'), (1, '12'), (1, '14'),
(2, '5'), (2, '7'), (2, '9'),
(3, '15'), (3, '17'), (3, '19'),
(4, '20'), (4, '22'), (4, '24'),
(5, '30'), (5, '32'), (5, '34'),
(6, '40'), (6, '42'), (6, '44'),
(7, '50'), (7, '52'), (7, '54'),
(8, '60'), (8, '62'), (8, '64'),
(9, '70'), (9, '72'), (9, '74'),
(10, '80'), (10, '82'), (10, '84');
